{"cameraMode":{"drawMode":0,"name":"Shaded","section":"Shading Mode"},"sceneLighting":false,"audioPlay":false,"sceneViewState":{"showFog":true,"showMaterialUpdate":false,"showSkybox":true,"showFlares":true,"showImageEffects":true,"showParticleSystems":true},"in2DMode":false,"pivot":{"x":-13.3149995803833,"y":3.864999771118164,"z":0.15500003099441529},"rotation":{"x":0.0014999709092080594,"y":0.0059999567456543449,"z":-0.000009000053978525102,"w":0.9999808669090271},"size":51.919403076171878,"orthographic":false}